{"Training loss - Step": 0.38550305366516113, "_timestamp": 1667890457.340099, "_runtime": 24.290122985839844, "_step": 67, "_wandb": {"runtime": 18}}