{"Training loss - Step": 0.44619476795196533, "_timestamp": 1667863249.5816143, "_runtime": 24.205243349075317, "_step": 67, "_wandb": {"runtime": 18}}