{"Training loss - Step": 0.5598921775817871, "_timestamp": 1665869203.0639832, "_runtime": 27.852773189544678, "_step": 41, "_wandb": {"runtime": 22}}