{"Training loss - Step": 0.5742440819740295, "_timestamp": 1667889646.6494606, "_runtime": 48.446603536605835, "_step": 139, "Accuracy - Valid": 0.6837256908904811, "Precision - Valid": 0.542713567839196, "Recall - Valid": 0.9, "F1 - Valid": 0.677115987460815, "AUC - Valid": 0.8139969385917523, "Training loss - Epoch": 0.013659688179520355, "Training accuracy": 0.7885057471264367, "_wandb": {"runtime": 43}}