{"Training loss - Step": 0.39046069979667664, "_timestamp": 1667890402.2238772, "_runtime": 24.23746109008789, "_step": 67, "_wandb": {"runtime": 18}}