{"Training loss - Step": 0.28412631154060364, "_timestamp": 1667849511.4920635, "_runtime": 52.73818349838257, "_step": 158, "Accuracy - Valid": 0.6980552712384852, "Precision - Valid": 0.6190476190476191, "Recall - Valid": 0.46944444444444444, "F1 - Valid": 0.5339652448657187, "AUC - Valid": 0.6504434539888349, "Training loss - Epoch": 0.013997743129730225, "Training accuracy": 0.7760919540229885, "_wandb": {"runtime": 47}}