{"Training loss - Step": 0.3731769919395447, "_timestamp": 1667863337.497454, "_runtime": 24.55518388748169, "_step": 67, "_wandb": {"runtime": 23}}