{"Training loss - Step": 0.4462428689002991, "_timestamp": 1667285936.120288, "_runtime": 20.330545902252197, "_step": 68, "Training loss - Epoch": 0.01899165235716721, "Training accuracy": 0.6882758620689655, "_wandb": {"runtime": 28}}