{"Training loss - Step": 0.3740745782852173, "_timestamp": 1667890621.972265, "_runtime": 23.908607006072998, "_step": 67, "_wandb": {"runtime": 18}}