{"Training loss - Step": 0.20341645181179047, "_timestamp": 1667852187.0346751, "_runtime": 24.680525064468384, "_step": 67, "_wandb": {"runtime": 19}}