{"Training loss - Step": 0.623283863067627, "_timestamp": 1667889680.8229046, "_runtime": 28.908170700073242, "_step": 72, "Accuracy - Valid": 0.7256908904810645, "Precision - Valid": 0.5995670995670995, "Recall - Valid": 0.7694444444444445, "F1 - Valid": 0.6739659367396593, "AUC - Valid": 0.7896587430217902, "Training loss - Epoch": 0.01862757795158474, "Training accuracy": 0.7108045977011495, "_wandb": {"runtime": 23}}