{"Training loss - Step": 0.2919197678565979, "_timestamp": 1667863460.8816953, "_runtime": 24.361207246780396, "_step": 67, "_wandb": {"runtime": 23}}