{"Training loss - Step": 1.0110257863998413, "_timestamp": 1667353565.5866284, "_runtime": 48.897419452667236, "_step": 296, "Training loss - Epoch": 0.03016466096899975, "Training accuracy": 0.2896551724137931, "_wandb": {"runtime": 43}}