{"loss - Step": 1.1167560815811157, "_timestamp": 1665507044.316965, "_runtime": 134.09837222099304, "_step": 616, "_wandb": {"runtime": 128}}