{"Training loss - Step": 0.6228795051574707, "_timestamp": 1667633803.8777552, "_runtime": 113.52327418327332, "_step": 381, "Training loss - Epoch": 0.019038346512564298, "Training accuracy": 0.7085057471264368, "Accuracy - Valid": 0.631525076765609, "Precision - Valid": 0.0, "Recall - Valid": 0.0, "F1 - Valid": 0.0, "AUC - Valid": 0.5, "_wandb": {"runtime": 108}}