{"Training loss - Step": 0.6004317998886108, "_timestamp": 1667673734.1238003, "_runtime": 88.46987438201904, "_step": 298, "Training loss - Epoch": 0.018852142054459144, "Training accuracy": 0.7103448275862069, "Accuracy - Valid": 0.631525076765609, "Precision - Valid": 0.0, "Recall - Valid": 0.0, "F1 - Valid": 0.0, "AUC - Valid": 0.5, "_wandb": {"runtime": 83}}