{"Training loss - Step": 0.42249125242233276, "_timestamp": 1667895707.3442335, "_runtime": 163.59401559829712, "_step": 559, "Accuracy - Valid": 0.7338792221084954, "Precision - Valid": 0.6344086021505376, "Recall - Valid": 0.6555555555555556, "F1 - Valid": 0.644808743169399, "AUC - Valid": 0.3099270664505672, "Training loss - Epoch": 0.014098413538658755, "Training accuracy": 0.7719540229885058, "_wandb": {"runtime": 158}}