{"loss - Step": 0.4283905029296875, "_timestamp": 1665522193.437087, "_runtime": 42.786431074142456, "_step": 156, "_wandb": {"runtime": 37}}