{"Training loss - Step": 0.5114399194717407, "_timestamp": 1667850702.0250254, "_runtime": 76.81153631210327, "_step": 249, "Accuracy - Valid": 0.6693961105424769, "Precision - Valid": 0.5284178187403994, "Recall - Valid": 0.9555555555555556, "F1 - Valid": 0.6805143422354106, "AUC - Valid": 0.7289933369349901, "Training loss - Epoch": 0.013329909450706395, "Training accuracy": 0.7875862068965517, "_wandb": {"runtime": 71}}