{"Training loss - Step": 0.43256181478500366, "_timestamp": 1667852085.4307828, "_runtime": 24.391069889068604, "_step": 67, "_wandb": {"runtime": 19}}