{"Training loss - Step": 0.3878591060638428, "_timestamp": 1667890782.0047932, "_runtime": 24.362322092056274, "_step": 67, "_wandb": {"runtime": 108}}