{"Training loss - Step": 0.5795016884803772, "_timestamp": 1667675339.038662, "_runtime": 104.4566478729248, "_step": 354, "Accuracy - Valid": 0.631525076765609, "Precision - Valid": 0.0, "Recall - Valid": 0.0, "F1 - Valid": 0.0, "AUC - Valid": 0.5, "Training loss - Epoch": 0.019233429774470713, "Training accuracy": 0.6988505747126437, "Top-5 AUC": 0.511005312443724, "Accuracy": 0.3991811668372569, "Recall": 0.9361111111111111, "F1": 0.5344964314036479, "Precision": 0.37402885682574916, "_wandb": {"runtime": 99}}