{"Training loss - Step": 0.4344600439071655, "_timestamp": 1667890360.9302886, "_runtime": 24.44616961479187, "_step": 67, "_wandb": {"runtime": 31}}