{"Training loss - Step": 0.37445950508117676, "_timestamp": 1667852347.4282758, "_runtime": 24.064502716064453, "_step": 67, "_wandb": {"runtime": 23}}