{"Training loss - Step": 0.4571436643600464, "_timestamp": 1667850848.0981824, "_runtime": 24.166329383850098, "_step": 67, "_wandb": {"runtime": 23}}