{"Training loss - Step": 0.3645883798599243, "_timestamp": 1667850758.9865851, "_runtime": 24.01692509651184, "_step": 67, "_wandb": {"runtime": 23}}