{"Training loss - Step": 0.28875237703323364, "_timestamp": 1667849589.4960475, "_runtime": 51.04288649559021, "_step": 150, "Accuracy - Valid": 0.6908904810644831, "Precision - Valid": 0.7164179104477612, "Recall - Valid": 0.26666666666666666, "F1 - Valid": 0.388663967611336, "AUC - Valid": 0.6025391680172879, "Training loss - Epoch": 0.014464427301253396, "Training accuracy": 0.7650574712643678, "_wandb": {"runtime": 45}}