{"Training loss - Step": 0.28378838300704956, "_timestamp": 1665700331.0281, "_runtime": 225.9851679801941, "_step": 555, "_wandb": {"runtime": 220}}