{"Training loss - Step": 0.2627583146095276, "_timestamp": 1667890971.192299, "_runtime": 95.30793285369873, "_step": 277, "Accuracy - Valid": 0.7471852610030706, "Precision - Valid": 0.6252771618625277, "Recall - Valid": 0.7833333333333333, "F1 - Valid": 0.6954377311960541, "AUC - Valid": 0.42718800648298216, "Training loss - Epoch": 0.013174651546039801, "Training accuracy": 0.7940229885057472}