{"Training loss - Step": 0.3764503300189972, "_timestamp": 1667890109.7634046, "_runtime": 24.26222062110901, "_step": 67, "_wandb": {"runtime": 73}}