{"Training loss - Step": 0.33964961767196655, "_timestamp": 1667890016.795805, "_runtime": 25.10430908203125, "_step": 67, "_wandb": {"runtime": 71}}