{"Training loss - Step": 0.4013475477695465, "_timestamp": 1667890551.787426, "_runtime": 24.455528020858765, "_step": 67, "_wandb": {"runtime": 18}}