{"Training loss - Step": 0.6875911355018616, "_timestamp": 1667635215.0330389, "_runtime": 52.472442865371704, "_step": 158, "Training loss - Epoch": 0.019147095735045683, "Training accuracy": 0.7062068965517241, "Accuracy - Valid": 0.631525076765609, "Precision - Valid": 0.0, "Recall - Valid": 0.0, "F1 - Valid": 0.0, "AUC - Valid": 0.5, "_wandb": {"runtime": 47}}