{"Training loss - Step": 0.4101428687572479, "_timestamp": 1667876444.136994, "_runtime": 24.285658836364746, "_step": 67, "_wandb": {"runtime": 18}}