{"Training loss - Step": 0.3228941261768341, "_timestamp": 1667851934.1987207, "_runtime": 24.066585779190063, "_step": 67, "_wandb": {"runtime": 18}}