{"Training loss - Step": 0.30016815662384033, "_timestamp": 1667889748.6844583, "_runtime": 52.37500834465027, "_step": 154, "Accuracy - Valid": 0.6519959058341863, "Precision - Valid": 0.8333333333333334, "Recall - Valid": 0.06944444444444445, "F1 - Valid": 0.12820512820512822, "AUC - Valid": 0.8028227984873042, "Training loss - Epoch": 0.013668806744718003, "Training accuracy": 0.7852873563218391, "_wandb": {"runtime": 47}}