{"Training loss - Step": 0.27068808674812317, "_timestamp": 1667851138.6700091, "_runtime": 208.60488104820251, "_step": 703, "Accuracy - Valid": 0.8249744114636642, "Precision - Valid": 0.7907692307692308, "Recall - Valid": 0.7138888888888889, "F1 - Valid": 0.7503649635036496, "AUC - Valid": 0.8018390959841528, "Training loss - Epoch": 0.008635274555491306, "Training accuracy": 0.886896551724138, "_wandb": {"runtime": 203}}